name,adresse,telefon,website,hat_website,score,probleme,empfehlung,types
𝗡𝗔𝗡𝗔 𝖬𝖺𝗂𝗇𝗓┃𝗠𝗮𝗻𝘁𝗶 & 𝗠𝗼𝗿𝗲,"Nana Mainz, Steingasse 21, 55116 Mainz, Deutschland",,,False,0,keine Website,Keine Website,"restaurant,food,point_of_interest,establishment"
Steakhaus El Chico,"Kötherhofstraße 1, 55116 Mainz, Deutschland",06131 238440,,False,0,keine Website,Keine Website,"steak_house,restaurant,food,point_of_interest,establishment"
My Restaurant Döner & Grill,"Hopfengarten 21, 55116 Mainz, Deutschland",06131 6063787,,False,0,keine Website,Keine Website,"restaurant,turkish_restaurant,food,point_of_interest,establishment"
Orientalisches Bistro,"Flachsmarktstraße 22, 55116 Mainz, Deutschland",0172 6685421,,False,0,keine Website,Keine Website,"middle_eastern_restaurant,bistro,restaurant,food,point_of_interest,establishment"
Bistro Tornado,"Nestlestraße 63, 55120 Mainz, Deutschland",06131 5868570,,False,0,keine Website,Keine Website,"bistro,restaurant,food,point_of_interest,establishment"
Bistro Bagdad - Mainz,"Binger Straße 15 Bingerstr, Binger Str. 15 15, 55116 Mainz, Deutschland",0179 1100308,,False,0,keine Website,Keine Website,"bar,point_of_interest,establishment"
Caffe Moonlight,"Adam-Karrillon-Straße 23, 55118 Mainz, Deutschland",0176 83057358,,False,0,keine Website,Keine Website,"bar,point_of_interest,establishment"
City Bistro one,"Hintere Bleiche 1, 55116 Mainz, Deutschland",,,False,0,keine Website,Keine Website,"bar,point_of_interest,establishment"
PANINO,"Fischtorstraße 7, 55116 Mainz, Deutschland",06131 6061511,,False,0,keine Website,Keine Website,"bistro,restaurant,food,point_of_interest,establishment"
Bistro Taverna Amfipolis,"Körnerstraße 1, 55120 Mainz, Deutschland",06131 687327,,False,0,keine Website,Keine Website,"bistro,restaurant,food,point_of_interest,establishment"
Malibu Bar& Bistro,"Am Lemmchen 31C, 55120 Mainz, Deutschland",06131 5764764,,False,0,keine Website,Keine Website,"sports_bar,bar,point_of_interest,establishment"
Bistro Ei,"Hintere Bleiche 43, 55116 Mainz, Deutschland",,,False,0,keine Website,Keine Website,"bistro,restaurant,food,point_of_interest,establishment"
Pane e Vino,"Holzhofstraße 14a, 55116 Mainz, Deutschland",06131 8893314,,False,0,keine Website,Keine Website,"italian_restaurant,wine_bar,bar,restaurant,food,point_of_interest,establishment"
INAS,"Bernhard-Winter-Straße 1, 55120 Mainz, Deutschland",06131 4928696,,False,0,keine Website,Keine Website,"bar,bistro,lounge_bar,german_restaurant,european_restaurant,night_club,restaurant,food,point_of_interest,establishment"
Gaststätte 8 Uhr Stübchen,"Frauenlobstraße 59, 55118 Mainz, Deutschland",,,False,0,keine Website,Keine Website,"pub,bar,restaurant,food,point_of_interest,establishment"
Piccola Salumeria Stella,"Markt 5, 55116 Mainz, Deutschland",06131 8898743,,False,0,keine Website,Keine Website,"deli,food_store,food,store,point_of_interest,establishment"
Marsico,"Hintere Bleiche 17, 55116 Mainz, Deutschland",06131 2106941,,False,0,keine Website,Keine Website,"grocery_store,food_store,food,store,point_of_interest,establishment"
CREMINA,"Kurfürstenstraße 12, 55118 Mainz, Deutschland",06131 8949179,,False,0,keine Website,Keine Website,"pizza_restaurant,coffee_shop,fast_food_restaurant,catering_service,cafe,food_delivery,italian_restaurant,dessert_shop,confectionery,food_store,service,store,restaurant,point_of_interest,food,establishment"
Ristorante Roseto,"Daniel-Brendel-Straße 37, 55127 Mainz-Drais, Deutschland",06131 85000,,False,0,keine Website,Keine Website,"italian_restaurant,restaurant,point_of_interest,food,establishment"
Pho Viet,"Franziskanerstraße 5, 55116 Mainz, Deutschland",0178 4835185,,False,0,keine Website,Keine Website,"asian_restaurant,restaurant,food,point_of_interest,establishment"
Nam Hai,"Oppenheimer Str. 39, 55130 Mainz, Deutschland",06131 4806715,,False,0,keine Website,Keine Website,"asian_restaurant,vietnamese_restaurant,restaurant,food,point_of_interest,establishment"
Asia Wok,"Dr.-Martin-Luther-King-Weg 20, 55122 Mainz, Deutschland",06131 2179977,,False,0,keine Website,Keine Website,"asian_restaurant,restaurant,point_of_interest,food,establishment"
Phố An,"Adolf-Kolping-Straße 3, 55116 Mainz, Deutschland",06131 3293425,,False,0,keine Website,Keine Website,"vietnamese_restaurant,tea_house,restaurant,point_of_interest,food,establishment"
Chimaek Mainz,"Bahnhofstraße 15, 55116 Mainz, Deutschland",06131 2072797,,False,0,keine Website,Keine Website,"restaurant,point_of_interest,food,establishment"
Asia Imbiss Mainz,"Forsterstraße 21, 55118 Mainz, Deutschland",06131 6296611,,False,0,keine Website,Keine Website,"asian_restaurant,snack_bar,meal_takeaway,chinese_restaurant,restaurant,point_of_interest,food,establishment"
Restaurant JONAS,"Ballpl. 2, 55116 Mainz-Altstadt, Deutschland",06131 2148018,https://restaurant-jonas.de/,True,0,nicht erreichbar,Dringend neues Design,"restaurant,food,point_of_interest,establishment"
heimat-mainz,"Spritzengasse 2, 55116 Mainz, Deutschland",06131 2499434,https://heimat-mainz.de/,True,0,nicht erreichbar,Dringend neues Design,"german_restaurant,european_restaurant,restaurant,food,point_of_interest,establishment"
Corfu Mainz,"Schillstraße 15, 55131 Mainz, Deutschland",06131 6694841,https://corfumainz.de/?utm_source=google_business_profile&utm_medium=button&utm_tracking_link_id=3cf62558-6d44-4cb5-9c70-cea3c69c54d4,True,0,nicht erreichbar,Dringend neues Design,"restaurant,food,point_of_interest,establishment"
Restaurant Plaka,"Albert-Schweitzer-Straße 19, 55128 Mainz, Deutschland",06131 335915,http://restaurantplakamainz.de/,True,0,nicht erreichbar,Dringend neues Design,"greek_restaurant,mediterranean_restaurant,restaurant,food,point_of_interest,establishment"
Quartier Mayence,"Weihergartenstraße 12, 55116 Mainz-Altstadt, Deutschland",06131 2199533,http://www.quartiermayence-bar.de/,True,0,nicht erreichbar,Dringend neues Design,"restaurant,event_venue,food,point_of_interest,establishment"
Pizzeria & Bistro Lupo Mainz,"Stahlbergstraße 24, 55131 Mainz, Deutschland",06131 51150,http://lupopizzeria.de/,True,0,nicht erreichbar,Dringend neues Design,"pizza_delivery,meal_takeaway,meal_delivery,food_delivery,italian_restaurant,restaurant,food,point_of_interest,establishment"
102 café & mehr,"Langenbeckstraße 1/Geb 102, 55131 Mainz, Deutschland",06131 2140289,https://www.das102.de/kontakt/,True,0,nicht erreichbar,Dringend neues Design,"cafe,food,point_of_interest,establishment"
Di Alessa,"Feldbergstraße 14, 55118 Mainz, Deutschland",06131 9710999,https://di-alessa.de/,True,0,nicht erreichbar,Dringend neues Design,"italian_restaurant,meal_takeaway,restaurant,food,point_of_interest,establishment"
La Siciliana Mainz,"Heuerstraße 14A, 55129 Mainz, Deutschland",06131 6334692,https://lasicilianamainz.de/,True,0,nicht erreichbar,Dringend neues Design,"italian_restaurant,pizza_delivery,pizza_restaurant,meal_delivery,food_delivery,meal_takeaway,restaurant,food,point_of_interest,establishment"
Re Castello | Mainz,"Schottstraße 5, 55116 Mainz, Deutschland",06131 6226089,https://pizzeria-recastello.de/,True,0,nicht erreichbar,Dringend neues Design,"italian_restaurant,pizza_delivery,meal_delivery,diner,pizza_restaurant,meal_takeaway,food_delivery,restaurant,food,point_of_interest,establishment"
Pizza Dato,"Neue Mainzer Str. 16, 55129 Mainz-Hechtsheim, Deutschland",06131 504592,https://pizzadato-mainz.de/,True,0,nicht erreichbar,Dringend neues Design,"italian_restaurant,pizza_delivery,meal_delivery,pizza_restaurant,meal_takeaway,food_delivery,restaurant,food,point_of_interest,establishment"
Pizzeria Milano - Holzofen Pizza Mainz | Restaurant und Lieferservice,"An d. Philippsschanze 7, 55131 Mainz, Deutschland",06131 9309433,https://pizzeria-milano-mainz.de/delivery?utm_source=google&utm_medium=mybusiness&utm_campaign=gb,True,0,nicht erreichbar,Dringend neues Design,"pizza_restaurant,pizza_delivery,meal_delivery,european_restaurant,meal_takeaway,italian_restaurant,food_delivery,restaurant,food,point_of_interest,establishment"
Red Chilli,"Am Judensand 3, 55122 Mainz, Deutschland",06131 5702652,http://redchilli-thai.de/?utm_source=google_business_profile&utm_medium=button&utm_tracking_link_id=67f125bc-6dba-45a8-afb3-3623c7db4ef7,True,0,nicht erreichbar,Dringend neues Design,"thai_restaurant,restaurant,food,point_of_interest,establishment"
Noodle Fusion 1990 Mainz,"Grebenstraße 18, 55116 Mainz, Deutschland",06131 9300322,https://noodlefusion-1990.96digital.de/,True,0,nicht erreichbar,Dringend neues Design,"restaurant,barbecue_restaurant,vietnamese_restaurant,fusion_restaurant,asian_restaurant,seafood_restaurant,food_store,store,tapas_restaurant,food,point_of_interest,establishment"
Hà Nội Phố,"Neubrunnenstraße 3, 55116 Mainz, Deutschland",06131 2400505,https://hanoipho.günstigbestellen.de/,True,0,nicht erreichbar,Dringend neues Design,"vietnamese_restaurant,meal_delivery,food_delivery,noodle_shop,meal_takeaway,japanese_restaurant,restaurant,food,point_of_interest,establishment"
Hoa Mai,"Mittlere Bleiche 23, 55116 Mainz, Deutschland",06131 9459662,http://www.hoa-mai.de.rs/,True,0,nicht erreichbar,Dringend neues Design,"vietnamese_restaurant,restaurant,food,point_of_interest,establishment"
China Garden,"Mombacher Str. 76A, 55122 Mainz, Deutschland",06131 6007060,http://china-garden-mainz-lieferservice.de/,True,0,nicht erreichbar,Dringend neues Design,"chinese_restaurant,mongolian_barbecue_restaurant,asian_restaurant,thai_restaurant,sushi_restaurant,japanese_restaurant,buffet_restaurant,restaurant,point_of_interest,food,establishment"
Asia Mai-Linh,"Philipp-Reis-Straße 13, 55129 Mainz, Deutschland",06131 501308,https://mai-linh.günstigbestellen.de/,True,0,nicht erreichbar,Dringend neues Design,"asian_restaurant,thai_restaurant,restaurant,point_of_interest,food,establishment"
Bobby's Restaurant,"Zaybachstraße 5, 55128 Mainz, Deutschland",06131 4906724,https://www.bobbysrestaurant.de/,True,0,nicht erreichbar,Dringend neues Design,"thai_restaurant,restaurant,point_of_interest,food,establishment"
Thai Express,"Adolf-Kolping-Straße 4, 55116 Mainz, Deutschland",06131 6028888,http://thaiexpress-food.de/?utm_source=google_business_profile&utm_medium=button&utm_tracking_link_id=b993f621-4d05-4aee-8dc6-815a0352e6a5,True,0,nicht erreichbar,Dringend neues Design,"thai_restaurant,asian_restaurant,meal_takeaway,japanese_restaurant,restaurant,point_of_interest,food,establishment"
Restaurant Brauhaus zur Sonne - Mainz,"Sonnengäßchen 2, 55116 Mainz, Deutschland",06131 231610,http://brauhauszursonne.de/,True,20,kein HTTPS; kein Mobile-Viewport; HTML4/XHTML; Frames,Dringend neues Design,"restaurant,food,point_of_interest,establishment"
Ristorante Midi,"Mitternachtsgasse 3, 55116 Mainz, Deutschland",06131 235800,http://www.bistrorante-midi.de/,True,20,kein HTTPS; kein Mobile-Viewport; <center>-Tags; Tabellen-Layout; keine Media Queries,Dringend neues Design,"italian_restaurant,pizza_restaurant,bistro,meal_takeaway,restaurant,food,point_of_interest,establishment"
Café B20,"Betzelsstraße 20-24, 55116 Mainz, Deutschland",06131 2122019,http://www.b20.cafe/,True,28,kein HTTPS; <font>-Tags; <center>-Tags; alte jQuery; keine Media Queries; Copyright bis 2016,Redesign empfohlen,"cafe,coffee_shop,breakfast_restaurant,food_store,store,restaurant,food,point_of_interest,establishment"
Hiro Sushi Vietnam finest asian kitchen,"Binger Str. 11, 55116 Mainz, Deutschland",06131 8893835,http://hirosushi-mainz.de/wp-content/uploads/2025/11/Hiro_Karte_191025.pdf,True,43,kein HTTPS; kein Mobile-Viewport; keine Media Queries,Redesign empfohlen,"asian_restaurant,sushi_restaurant,japanese_restaurant,restaurant,food,point_of_interest,establishment"
Buddhas MAINZ,"Adolf-Kolping-Straße 4, 55116 Mainz, Deutschland",06131 4820577,http://www.buddhas-mainz.de/,True,47,kein HTTPS; kein Mobile-Viewport; <center>-Tags,Redesign empfohlen,"sushi_restaurant,food_delivery,meal_takeaway,japanese_restaurant,restaurant,point_of_interest,food,establishment"
Weinhaus & Restaurant Hahnenhof,"Wallaustraße 18, 55118 Mainz, Deutschland",06131 2121150,http://hahnenhof-mainz.de/,True,48,kein Mobile-Viewport; HTML4/XHTML; keine Media Queries,Redesign empfohlen,"restaurant,austrian_restaurant,wine_bar,german_restaurant,european_restaurant,bar,food,point_of_interest,establishment"
Baron,"Johann-Joachim-Becher-Weg 3, 55128 Mainz, Deutschland",06131 385850,https://www.baron-mainz.de/,True,48,kein Mobile-Viewport; HTML4/XHTML; Copyright bis 1998,Redesign empfohlen,"restaurant,food,point_of_interest,establishment"
Bistro Quadrifoglio,"Breite Str. 55, 55124 Mainz-Gonsenheim, Deutschland",06131 466211,http://www.bistro-quadrifoglio.de/,True,48,kein Mobile-Viewport; HTML4/XHTML; keine Media Queries,Redesign empfohlen,"italian_restaurant,restaurant,food,point_of_interest,establishment"
Ristorante INCONTRO,"Augustinerstraße 57, 55116 Mainz, Deutschland",06131 238221,http://www.incontro-ristorante.de/,True,48,kein HTTPS; IE-Kompatibilität; keine Media Queries; Copyright bis 1998,Redesign empfohlen,"italian_restaurant,mediterranean_restaurant,restaurant,food,point_of_interest,establishment"
Cafe Extrablatt Mainz Schillerplatz,"Ludwigsstraße 1, 55116 Mainz, Deutschland",06131 6299454,https://cafe-extrablatt.de/standorte/details/cafe-extrablatt-mainz-schillerplatz,True,53,Tabellen-Layout; IE-Kompatibilität; keine Media Queries; Copyright bis 1998,Modernisierung empfohlen,"restaurant,breakfast_restaurant,bar,cafe,food,point_of_interest,establishment"
Cafe Extrablatt Mainz Markt,"Markt 7-9, 55116 Mainz, Deutschland",06131 912697,https://cafe-extrablatt.de/standorte/details/cafe-extrablatt-mainz-markt,True,53,Tabellen-Layout; IE-Kompatibilität; keine Media Queries; Copyright bis 1998,Modernisierung empfohlen,"restaurant,breakfast_restaurant,cafe,bar,food,point_of_interest,establishment"
Steins Traube - Mainz,"Poststraße 4, 55126 Mainz, Deutschland",06131 40249,https://steins-traube.de/,True,55,<font>-Tags; Tabellen-Layout; IE-Kompatibilität; keine Media Queries,Modernisierung empfohlen,"fine_dining_restaurant,french_restaurant,german_restaurant,european_restaurant,restaurant,food,point_of_interest,establishment"
Stadthaus Schänke,"Stadionerhofstraße 1, 55116 Mainz-Altstadt, Deutschland",06131 225845,http://www.stadthausschaenke-mainz.de/,True,55,kein HTTPS; kein Mobile-Viewport,Modernisierung empfohlen,"restaurant,food,point_of_interest,establishment"
Niko Niko Tei,"Gaustraße 67, 55116 Mainz-Altstadt, Deutschland",06131 2112888,http://www.nikonikotei.de/,True,56,kein HTTPS; keine Media Queries; Copyright bis 1999,Modernisierung empfohlen,"japanese_restaurant,sushi_restaurant,restaurant,food,point_of_interest,establishment"
Pizzeria La Casetta,"Heidesheimer Str. 12, 55124 Mainz, Deutschland",06131 467199,http://www.la-casetta-mainz.com/,True,58,kein HTTPS; feste Pixel-Breite; keine Media Queries,Modernisierung empfohlen,"pizza_restaurant,italian_restaurant,restaurant,point_of_interest,food,establishment"
Ristorante Piccolo Mondo,"Anna-Birle-Straße 3A, 55252 Wiesbaden-Mainz-Kastel, Deutschland",06134 202929,http://www.piccolomondo-it.de/,True,60,<center>-Tags; IE-Kompatibilität; keine Media Queries; Copyright bis 2017,Modernisierung empfohlen,"italian_restaurant,meal_takeaway,restaurant,point_of_interest,food,establishment"
Il Forno a Legna,"Klarastraße 2, 55116 Mainz, Deutschland",06131 2113838,https://il-forno-a-legna-mainz.gustogang.de/,True,63,kein Mobile-Viewport; keine Media Queries,Modernisierung empfohlen,"meal_takeaway,restaurant,food,point_of_interest,establishment"
Olivengarten,"Ebersheimer Weg 32, 55131 Mainz, Deutschland",06131 2121606,http://olivengarten-mainz.de/,True,63,kein Mobile-Viewport; keine Media Queries,Modernisierung empfohlen,"italian_restaurant,restaurant,food,point_of_interest,establishment"
Pizzeria Sole,"Pariser Str. 20, 55131 Mainz, Deutschland",06131 6968999,http://www.sole-mainz.de/,True,63,Tabellen-Layout; feste Pixel-Breite; keine Media Queries,Modernisierung empfohlen,"pizza_restaurant,italian_restaurant,meal_takeaway,restaurant,point_of_interest,food,establishment"
Thai Country,"Emmeransstraße 32, 55116 Mainz, Deutschland",06131 9716125,https://m.facebook.com/100068368013231/,True,63,kein Mobile-Viewport; keine Media Queries,Modernisierung empfohlen,"thai_restaurant,restaurant,food,point_of_interest,establishment"
Nudel- und Sushibar Hai Phan,"Dr.-Martin-Luther-King-Weg 20, 55122 Mainz, Deutschland",06131 5709239,https://m.facebook.com/pages/Hai-Sushi-Nudelbar/641187245946029,True,63,kein Mobile-Viewport; keine Media Queries,Modernisierung empfohlen,"sushi_restaurant,japanese_restaurant,restaurant,point_of_interest,food,establishment"
Bellpepper Restaurant & Terrasse,"Templerstraße 6, 55116 Mainz, Deutschland",06131 7311537,https://www.bellpepper.de/?utm_source=googlebusinessprofile&utm_medium=organic&utm_campaign=website,True,65,Tabellen-Layout; IE-Kompatibilität; keine Media Queries,Modernisierung empfohlen,"restaurant,fine_dining_restaurant,food,point_of_interest,establishment"
Mai Anh,"Breite Str. 71, 55124 Mainz-Gonsenheim, Deutschland",06131 43171,https://sites.google.com/view/maianh-restaurant,True,65,kein Mobile-Viewport; feste Pixel-Breite,Modernisierung empfohlen,"vietnamese_restaurant,thai_restaurant,restaurant,point_of_interest,food,establishment"
vietshaus,"Elisabethenstraße 2, 55130 Mainz, Deutschland",06131 2106821,http://www.vietshaus.de/,True,67,kein Mobile-Viewport; IE-Kompatibilität,Modernisierung empfohlen,"asian_restaurant,restaurant,food,point_of_interest,establishment"
UDP Mainz Restaurante,"Mombacher Str. 38b, 55122 Mainz, Deutschland",06131 373214,http://udp-mainz-restaurante.com/,True,68,kein HTTPS; keine Media Queries,Modernisierung empfohlen,"portuguese_restaurant,european_restaurant,seafood_restaurant,meal_takeaway,restaurant,food,point_of_interest,establishment"
ALEX Mainz,"Gutenbergpl. 14, 55116 Mainz, Deutschland",06131 1447350,http://www.dein-alex.de/mainz,True,68,IE-Kompatibilität; keine Media Queries; Copyright bis 1998,Modernisierung empfohlen,"restaurant,brunch_restaurant,breakfast_restaurant,snack_bar,cafe,meal_takeaway,food,point_of_interest,establishment"
Café Dinges Mainz,"Mailandsgasse 2, 55116 Mainz-Rebstockplatz, Deutschland",06131 227833,http://www.cafe-dinges.com/,True,68,kein HTTPS; keine Media Queries,Modernisierung empfohlen,"cafe,food,point_of_interest,establishment"
"Ristorante alCortile Holzofenpizzeria con Cucina ''1. Mainzer Holzofenpizzeria""","Kartäuserstraße 14, 55116 Mainz, Deutschland",06131 617878,http://www.alcortile.de/,True,68,IE-Kompatibilität; keine Media Queries; Copyright bis 1998,Modernisierung empfohlen,"italian_restaurant,meal_takeaway,restaurant,food,point_of_interest,establishment"
El Burro,"Dominikanerstraße 2, 55116 Mainz, Deutschland",06131 2144795,http://www.el-burro.de/,True,70,feste Pixel-Breite; IE-Kompatibilität; keine Media Queries,Modernisierung empfohlen,"mexican_restaurant,restaurant,food,point_of_interest,establishment"
Trattoria Peperoncino,"Emmeransstraße 1, 55116 Mainz-Altstadt, Deutschland",06131 5540377,http://www.peperoncino-mainz.de/,True,70,feste Pixel-Breite; IE-Kompatibilität; keine Media Queries,Modernisierung empfohlen,"italian_restaurant,restaurant,food,point_of_interest,establishment"
La Rustica,"Alexander-Diehl-Straße 14, 55130 Mainz, Deutschland",06131 5769999,http://la-rustica-mainz.de/,True,70,kein HTTPS; feste Pixel-Breite,Modernisierung empfohlen,"italian_restaurant,pizza_restaurant,restaurant,food,point_of_interest,establishment"
Ha Long - Asia Cuisine,"Holzstraße 22, 55116 Mainz, Deutschland",0176 32778844,https://www.ha-long-mainz.de/,True,70,<center>-Tags; feste Pixel-Breite; Copyright bis 2006,Modernisierung empfohlen,"asian_restaurant,meal_takeaway,restaurant,point_of_interest,food,establishment"
Hyu Sushi 124,"Breite Str. 22, 55124 Mainz, Deutschland",06131 2770199,https://hyu124.de/,True,70,feste Pixel-Breite; IE-Kompatibilität; keine Media Queries,Modernisierung empfohlen,"sushi_restaurant,japanese_restaurant,restaurant,point_of_interest,food,establishment"
Gudn. Restaurant & Weingarten,"Breite Str. 65, 55124 Mainz, Deutschland",06131 6968543,http://www.gudn-food.de/,True,75,HTML4/XHTML; feste Pixel-Breite,OK,"restaurant,food,point_of_interest,establishment"
Zenbi - Sushi Mainz & Asiatisches Fusion Restaurant,"Rotekopfgasse 2, 55116 Mainz, Deutschland",06131 6062648,https://zenbi-mainz.de/,True,75,kein Mobile-Viewport,OK,"sushi_restaurant,japanese_restaurant,asian_fusion_restaurant,fusion_restaurant,asian_restaurant,restaurant,food,point_of_interest,establishment"
L'Osteria Mainz,"Holzhofstraße 7, 55116 Mainz, Deutschland",06131 6937440,https://losteria.net/de/restaurants/restaurant/mainz/,True,76,keine Media Queries; Copyright bis 1998,OK,"italian_restaurant,pizza_restaurant,restaurant,food,point_of_interest,establishment"
Geberts Weinstuben,"Frauenlobstraße 94, 55118 Mainz, Deutschland",06131 611619,http://www.geberts-weinstuben.de/,True,76,keine Media Queries; Copyright bis 1998,OK,"german_restaurant,european_restaurant,bar,restaurant,food,point_of_interest,establishment"
Amore Vino Mainz,"Stefanspl. 1, 55116 Mainz, Deutschland",06131 9455117,https://amore-vino.de/,True,78,feste Pixel-Breite; keine Media Queries,OK,"restaurant,food,point_of_interest,establishment"
Weinstube „Am Holztor“,"Holzstraße 40, 55116 Mainz, Deutschland",06131 5547700,http://www.amholztor.de/,True,78,<font>-Tags; keine Media Queries,OK,"restaurant,food,point_of_interest,establishment"
Prost & Mahlzeit – Mainz,"Schusterstraße 18 - 20, 55116 Mainz, Deutschland",06131 2494031,http://www.prostundmahlzeit-mainz.de/,True,78,feste Pixel-Breite; keine Media Queries,OK,"german_restaurant,brewpub,wine_bar,beer_garden,pub,european_restaurant,bar,restaurant,food,point_of_interest,establishment"
Weinhaus Bluhm,"Badergasse 1, 55116 Mainz, Deutschland",06131 4906343,https://weinhaus-bluhm.de/,True,78,feste Pixel-Breite; keine Media Queries,OK,"restaurant,wine_bar,bar,food,point_of_interest,establishment"
Das Nest Café/Bistro/Afterwork,"Kaiser-Wilhelm-Ring 40, 55118 Mainz, Deutschland",06131 4807119,https://www.das-nest-mainz.de/,True,78,feste Pixel-Breite; keine Media Queries,OK,"cafe,bistro,bar,restaurant,food,point_of_interest,establishment"
Günay’s Café – Mainz,"Mittlere Bleiche 9, 55116 Mainz, Deutschland",0163 8218787,https://guenays-cafe.de/,True,78,alte jQuery; keine Media Queries,OK,"cafe,catering_service,bistro,food_delivery,dessert_restaurant,coffee_shop,middle_eastern_restaurant,turkish_restaurant,breakfast_restaurant,bakery,food_store,store,service,restaurant,food,point_of_interest,establishment"
Trattoria Da Arnaldo,"Wallstraße 56, 55122 Mainz, Deutschland",06131 320526,https://www.trattoria-da-arnaldo-mainz.de/,True,78,<font>-Tags; keine Media Queries,OK,"italian_restaurant,restaurant,food,point_of_interest,establishment"
Aposto Mainz,"Gutenbergpl. 8-10, 55116 Mainz, Deutschland",06131 6931620,https://www.aposto.eu/restaurants/mainz/,True,80,IE-Kompatibilität; keine Media Queries,OK,"italian_restaurant,restaurant,food,point_of_interest,establishment"
Hanoi,"Münsterstraße 17-19, 55116 Mainz, Deutschland",06131 6962302,http://hanoi-mainz.de/,True,80,<font>-Tags; feste Pixel-Breite,OK,"vietnamese_restaurant,restaurant,food,point_of_interest,establishment"
HANS IM GLÜCK - MAINZ Gutenbergplatz,"Gutenbergpl. 6, 55116 Mainz, Deutschland",06131 926604,https://hansimglueck-burgergrill.de/burger-restaurant/mainz-gutenbergplatz/?utm_source=google&utm_medium=yext&utm_campaign=33,True,80,IE-Kompatibilität; Copyright bis 1998,OK,"hamburger_restaurant,vegan_restaurant,lounge_bar,vegetarian_restaurant,night_club,bar_and_grill,bar,american_restaurant,restaurant,food,point_of_interest,establishment"
Zeitungsente,"Neubrunnenstraße 7, 55116 Mainz, Deutschland",06131 222728,http://www.zeitungsente-mainz.de/,True,80,<center>-Tags; keine Media Queries,OK,"pub,beer_garden,cafe,bar,restaurant,food,point_of_interest,establishment"
SkyBistro 360,"Kaiserstraße 98, 55116 Mainz, Deutschland",015567 269767,https://sites.google.com/view/skybistro360/startseite,True,80,IE-Kompatibilität; keine Media Queries,OK,"restaurant,food,point_of_interest,establishment"
Bellini’s Herzstück,"Adam-Karrillon-Straße 4, 55118 Mainz, Deutschland",0177 7318456,https://sellwerk.de/firmenprofil/bellinis-herzstueck,True,80,IE-Kompatibilität; keine Media Queries,OK,"bar,cafe,food,point_of_interest,establishment"
Gusto,"Heidesheimer Str. 1, 55124 Mainz, Deutschland",06131 1449049,http://www.gusto-winebar-mainz.de/,True,80,IE-Kompatibilität; keine Media Queries,OK,"italian_restaurant,restaurant,food,point_of_interest,establishment"
Pizzeria Il Pomodoro,"Steingasse 25, 55116 Mainz, Deutschland",06131 3044054,http://www.ilpomodoro-mainz.com/,True,80,IE-Kompatibilität; keine Media Queries,OK,"pizza_restaurant,italian_restaurant,restaurant,food,point_of_interest,establishment"
Ânima & Coré,"Gaustraße 73, 55116 Mainz, Deutschland",06131 1433240,https://www.animaundcore.de/,True,80,IE-Kompatibilität; keine Media Queries,OK,"pizza_restaurant,restaurant,food,point_of_interest,establishment"
Restaurant La Galleria,"Steinern Str. 23, 55252 Wiesbaden-Mainz-Kastel, Deutschland",06134 1575,https://www.restaurant-la-galleria.de/,True,80,IE-Kompatibilität; keine Media Queries,OK,"italian_restaurant,meal_takeaway,restaurant,food,point_of_interest,establishment"
Pizzeria Kiara,"Welschnonnengasse 1, 55116 Mainz, Deutschland",06131 6192799,http://www.kiara-mainz.de/,True,80,IE-Kompatibilität; keine Media Queries,OK,"pizza_restaurant,italian_restaurant,restaurant,point_of_interest,food,establishment"
MoschMosch Mainz,"Mailandsgasse 3, 55116 Mainz, Deutschland",06131 4807082,http://www.moschmosch.com/,True,80,IE-Kompatibilität; keine Media Queries,OK,"japanese_restaurant,restaurant,food,point_of_interest,establishment"
Lôc Vegan Kitchen,"Bahnhofstraße 4-6, 55116 Mainz, Deutschland",06131 2139589,http://loc-vegan.de/?utm_source=google_business_profile&utm_medium=button&utm_tracking_link_id=c444e46e-f46b-48c7-9a9b-1b7373a09c38,True,80,IE-Kompatibilität; keine Media Queries,OK,"vegan_restaurant,asian_restaurant,food_delivery,vegetarian_restaurant,sushi_restaurant,meal_takeaway,japanese_restaurant,restaurant,point_of_interest,food,establishment"
Via Monte Mainz,"Rheinstraße 47-49, 55116 Mainz, Deutschland",06131 8942612,https://via-monte.eatbu.com/?lang=de,True,82,feste Pixel-Breite; IE-Kompatibilität,OK,"italian_restaurant,restaurant,food,point_of_interest,establishment"
Augustinerkeller,"Augustinerstraße 26, 55116 Mainz, Deutschland",06131 222662,https://augustinerkeller-mainz.eatbu.com/,True,82,feste Pixel-Breite; IE-Kompatibilität,OK,"german_restaurant,wine_bar,european_restaurant,bar,restaurant,food,point_of_interest,establishment"
Maxim - Restaurant,"Neubrunnenplatz 1a, 55116 Mainz, Deutschland",06131 1439429,https://maxim-mz.de/,True,82,feste Pixel-Breite; IE-Kompatibilität,OK,"western_restaurant,cocktail_bar,apartment_building,bar,lodging,service,restaurant,food,point_of_interest,establishment"
august,"Leichhof 14, 55116 Mainz, Deutschland",06131 2495379,http://www.august-mainz.de/,True,82,feste Pixel-Breite; IE-Kompatibilität,OK,"restaurant,food,point_of_interest,establishment"
pankratz,"Lindenpl. 6, 55129 Mainz-Hechtsheim, Deutschland",06131 957780,https://www.pankratiushof.de/,True,82,feste Pixel-Breite; IE-Kompatibilität,OK,"german_restaurant,breakfast_restaurant,european_restaurant,restaurant,food,point_of_interest,establishment"
Café Lille Hus Mainz,"Kirschgarten 21, 55116 Mainz, Deutschland",,https://www.lillehusmainz.de/,True,82,feste Pixel-Breite; IE-Kompatibilität,OK,"breakfast_restaurant,scandinavian_restaurant,cafe,restaurant,food,point_of_interest,establishment"
Moctezuma Mainz,"Rheinstraße 23, 55116 Mainz, Deutschland",06131 234143,https://moctezuma-mainz.eatbu.com/,True,82,feste Pixel-Breite; IE-Kompatibilität,OK,"mexican_restaurant,restaurant,food,point_of_interest,establishment"
Hasekaste Mainz,"Eugen-Salomon-Straße 1, 55128 Mainz, Deutschland",06131 37550483,http://hasekaste.de/,True,82,feste Pixel-Breite; IE-Kompatibilität,OK,"restaurant,food,point_of_interest,establishment"
Bistro U1,"Bahnhofpl. 2, 55116 Mainz, Deutschland",06131 5542704,https://bistro-u1-mainz.eatbu.com/?lang=de#contact,True,82,feste Pixel-Breite; IE-Kompatibilität,OK,"bistro,restaurant,food,point_of_interest,establishment"
COCO Green Goodies,"Schillerstraße 24, 55116 Mainz, Deutschland",06131 2779699,https://cocogreengoodies.de/,True,82,feste Pixel-Breite; IE-Kompatibilität,OK,"salad_shop,restaurant,food,point_of_interest,establishment"
Da Marcello,"Hans-Böckler-Straße 8a, 55128 Mainz, Deutschland",06131 35798,https://da-marcello-mainz.eatbu.com/?lang=de,True,82,feste Pixel-Breite; IE-Kompatibilität,OK,"restaurant,chocolate_shop,vegan_restaurant,vegetarian_restaurant,ice_cream_shop,candy_store,italian_restaurant,dessert_shop,confectionery,cake_shop,wholesaler,bakery,food_store,store,manufacturer,food,point_of_interest,establishment"
Restaurant Mediterraneo,"Am Judensand 3, 55122 Mainz, Deutschland",06131 5703454,http://www.mediterraneo-mainz.de/,True,82,feste Pixel-Breite; IE-Kompatibilität,OK,"italian_restaurant,restaurant,food,point_of_interest,establishment"
La Fontana,"Waldthausenstraße 87, 55126 Mainz, Deutschland",06131 472349,https://la-fontana-mainz.eatbu.com/?lang=de,True,82,feste Pixel-Breite; IE-Kompatibilität,OK,"restaurant,point_of_interest,food,establishment"
Mr. LE - Vietnamesisches Restaurant,"Fischtorstraße 1, 55116 Mainz, Deutschland",06131 1438345,https://mrle-vietnamrestaurant.de/,True,82,feste Pixel-Breite; IE-Kompatibilität,OK,"asian_restaurant,vietnamese_restaurant,sushi_restaurant,japanese_restaurant,restaurant,food,point_of_interest,establishment"
Kaia Mainz – Modern Asian Dining,"Leibnizstraße 34, 55118 Mainz, Deutschland",06131 5540749,http://www.kaia-mainz.de/,True,82,feste Pixel-Breite; IE-Kompatibilität,OK,"restaurant,food,point_of_interest,establishment"
Ba Bao,"Gaustraße 9, 55116 Mainz, Deutschland",06131 4879538,https://babao-mainz.eatbu.com/,True,82,feste Pixel-Breite; IE-Kompatibilität,OK,"vietnamese_restaurant,restaurant,food,point_of_interest,establishment"
Mito - Fine Sushi & Asian Cuisine Mainz,"Seppel-Glückert-Passage 14, 55116 Mainz, Deutschland",0173 5741305,https://mito-mainz.eatbu.com/?lang=de,True,82,feste Pixel-Breite; IE-Kompatibilität,OK,"sushi_restaurant,vietnamese_restaurant,asian_fusion_restaurant,fusion_restaurant,asian_restaurant,japanese_restaurant,restaurant,food,point_of_interest,establishment"
Pizzeria Da Salvo,"Werrastraße 3, 55122 Mainz-Gonsenheim, Deutschland",06131 42995,http://www.pizzeriadasalvo.de/,True,85,HTML4/XHTML,OK,"pizza_restaurant,italian_restaurant,restaurant,food,point_of_interest,establishment"
La Primavera,"Ob. Kreuzstraße 30, 55120 Mainz, Deutschland",06131 2501110,https://www.la-primavera-mainz.de/,True,85,HTML4/XHTML,OK,"restaurant,italian_restaurant,food,point_of_interest,establishment"
Mama Hoa,"Rathausstraße 10, 55128 Mainz, Deutschland",01590 6388999,https://www.mamahoa.de/,True,85,HTML4/XHTML,OK,"vietnamese_restaurant,restaurant,food,point_of_interest,establishment"
Goldener Hirsch,"Nackstraße 16, 55118 Mainz, Deutschland",06131 2108020,https://www.goldener-hirsch-mainz.de/,True,88,keine Media Queries,OK,"german_restaurant,european_restaurant,restaurant,food,point_of_interest,establishment"
Adam & Eden,"Bahnhofpl. 8, 55116 Mainz, Deutschland",06131 2679193,https://www.adamundeden.com/,True,88,keine Media Queries,OK,"restaurant,bar,cafe,food,point_of_interest,establishment"
Im Herzen Afrikas,"Gaustraße 38, 55116 Mainz-Altstadt, Deutschland",06131 3808111,https://im-herzen-afrikas.de/,True,88,keine Media Queries,OK,"restaurant,food,point_of_interest,establishment"
Stadtbalkon – Lavagrill & Bar,"Gutenbergpl. 2, 55116 Mainz-Altstadt, Deutschland",06131 6987747,http://www.stadtbalkon-mainz.de/,True,88,keine Media Queries,OK,"bar_and_grill,hamburger_restaurant,cocktail_bar,american_restaurant,bar,restaurant,food,point_of_interest,establishment"
Zum Goldstein,"Kartäuserstraße 3, 55116 Mainz, Deutschland",06131 236576,http://www.zum-goldstein.de/,True,88,keine Media Queries,OK,"german_restaurant,european_restaurant,restaurant,food,point_of_interest,establishment"
goldmarie mainz,"Clarissa-Kupferberg-Platz 9, 55118 Mainz, Deutschland",015678 127702,http://www.goldmariemainz.de/,True,88,keine Media Queries,OK,"bistro,restaurant,food,point_of_interest,establishment"
Hofgut Laubenheimer Höhe,"Auf der, Zur Laubenheimer Höhe 1-3, 55130 Mainz, Deutschland",06131 622260,http://www.hofgut-laubenheimer-hoehe.de/,True,88,keine Media Queries,OK,"restaurant,wedding_venue,tour_agency,travel_agency,german_restaurant,european_restaurant,catering_service,food_delivery,event_venue,food,service,point_of_interest,establishment"
La Oliva Mainz,"Am Gonsenheimer Spieß 2, 55122 Mainz, Deutschland",06131 384363,https://laoliva.de/laoliva-mainz,True,88,keine Media Queries,OK,"pizza_restaurant,restaurant,food,point_of_interest,establishment"
Restaurant Damas Mainz,"Holzstraße 34, 55116 Mainz, Deutschland",06131 224025,https://flanigo.com/restaurant/4588,True,88,keine Media Queries,OK,"lebanese_restaurant,restaurant,food,point_of_interest,establishment"
Weinstube Hottum,"Grebenstraße 3, 55116 Mainz, Deutschland",06131 223370,https://hottum-mainz.de/,True,88,keine Media Queries,OK,"wine_bar,bar,food,point_of_interest,establishment"
Andechser am Rhein,"Rheinstraße 4G, 55116 Mainz, Deutschland",06131 6366774,https://www.andechser-mainz.de/,True,88,keine Media Queries,OK,"german_restaurant,bavarian_restaurant,beer_garden,european_restaurant,bar,restaurant,food,point_of_interest,establishment"
Favorite Restaurant,"Karl-Weiser-Straße 1, 55131 Mainz, Deutschland",06131 8015133,https://favorite-mainz.de/genuss-kulinarik/sternerestaurant/,True,88,keine Media Queries,OK,"fine_dining_restaurant,european_restaurant,restaurant,food,point_of_interest,establishment"
Pascha Fisch Mainz | Täglich frisch zubereitete Fischspezialitäten,"Neubrunnenstraße 4, 55116 Mainz, Deutschland",06131 5540230,https://whatsapp.com/channel/0029VaxdGmcGzzKUXWieyB44,True,88,keine Media Queries,OK,"restaurant,food,point_of_interest,establishment"
Lehmanns WeinBistro & Vinothek,"Holzstraße 19, 55116 Mainz, Deutschland",06131 8924772,http://www.lehmannsmainz.de/,True,88,keine Media Queries,OK,"restaurant,food,point_of_interest,establishment"
natürlik lekker,"Franziskanerstraße 1, 55116 Mainz, Deutschland",06131 4685806,http://natuerliklekker.de/,True,88,keine Media Queries,OK,"vegan_restaurant,bistro,catering_service,salad_shop,vegetarian_restaurant,food_delivery,cafe,food_store,restaurant,food,store,service,point_of_interest,establishment"
HEY DU,"Leichhofstraße 8, 55116 Mainz, Deutschland",0163 1611172,https://www.heydumainz.de/,True,88,keine Media Queries,OK,"cafe,food,point_of_interest,establishment"
Lalo Bistro,"Bahnhofstraße 2b, 55116 Mainz, Deutschland",06131 9712562,http://www.lalobistro-mainz.de/,True,88,keine Media Queries,OK,"asian_restaurant,restaurant,food,point_of_interest,establishment"
Pizzeria Trattoria Da Rocco - Mainz,"Römerstraße 8, 55129 Mainz-Ebersheim, Deutschland",06136 9229755,https://daroccopizzeria.de/,True,88,keine Media Queries,OK,"pizza_restaurant,beer_garden,pizza_delivery,meal_delivery,noodle_shop,cafe,italian_restaurant,food_delivery,bar,event_venue,restaurant,food,point_of_interest,establishment"
Olivenbaum,"Alfred-Mumbächer-Straße 67D, 55128 Mainz, Deutschland",06131 331576,http://zum-olivenbaum.de/,True,88,keine Media Queries,OK,"restaurant,point_of_interest,food,establishment"
Asia World,"Am Schleifweg 15, 55128 Mainz, Deutschland",06131 3331249,https://www.asiaworldmainz.de/,True,88,keine Media Queries,OK,"chinese_restaurant,seafood_restaurant,mongolian_barbecue_restaurant,buffet_restaurant,sushi_restaurant,japanese_restaurant,asian_restaurant,restaurant,food,point_of_interest,establishment"
Palm Bowls Mainz,"Dominikanerstraße 4, 55116 Mainz, Deutschland",06131 5866944,http://palmbowls.de/,True,88,keine Media Queries,OK,"restaurant,vegan_restaurant,vegetarian_restaurant,asian_restaurant,fast_food_restaurant,cafe,food,point_of_interest,establishment"
Oma Else,"Jakobsbergstraße 12, 55116 Mainz, Deutschland",06131 5530476,http://oma-else.de/,True,90,feste Pixel-Breite,OK,"restaurant,food,point_of_interest,establishment"
Bootshaus Mainz,"Victor-Hugo-Ufer 1, 55116 Mainz, Deutschland",06131 1438700,http://www.bootshausmainz.de/,True,90,feste Pixel-Breite,OK,"restaurant,food,point_of_interest,establishment"
Bei Bruno / Restaurant / Catering / Eventlocation,"Wilhelm-Maybach-Strasse, Dekan-Laist-Straße 54, 55129 Mainz-Hechtsheim, Deutschland",06131 5842304,http://www.bei-bruno.de/,True,90,feste Pixel-Breite,OK,"restaurant,german_restaurant,european_restaurant,food,point_of_interest,establishment"
Restaurant Esszimmer – Gonsberg,"Im Niedergarten 16, 55124 Mainz, Deutschland",,http://www.esszimmer-mainz.de/,True,90,feste Pixel-Breite,OK,"restaurant,food,point_of_interest,establishment"
butterfly | brunch & bar. coffee & cocktails.,"Große Langgasse 12, 55116 Mainz, Deutschland",0178 3093871,http://butterflybrunchbar.de/,True,90,feste Pixel-Breite,OK,"breakfast_restaurant,brunch_restaurant,bar,restaurant,food,point_of_interest,establishment"
Eisgrub-Bräu,"Weißliliengasse 1A, 55116 Mainz, Deutschland",06131 221104,https://www.eisgrub.de/,True,90,<font>-Tags,OK,"brewery,restaurant,food,manufacturer,service,point_of_interest,establishment"
schnack,"Mitternacht 18, 55116 Mainz, Deutschland",,http://cafeschnack.de/,True,90,feste Pixel-Breite,OK,"cafe,food,point_of_interest,establishment"
Retro,"Pfarrstraße 6, 55124 Mainz, Deutschland",06131 1439106,https://retro-gonsenheim.de/,True,90,feste Pixel-Breite,OK,"bar,point_of_interest,establishment"
Zeytoun - Die Olive,"Kapellenstraße 40, 55124 Mainz, Deutschland",0171 3333828,http://www.zeytoun.de/,True,90,feste Pixel-Breite,OK,"bistro,middle_eastern_restaurant,turkish_restaurant,falafel_restaurant,restaurant,food,point_of_interest,establishment"
Ristorante San Marco,"Am Stiftswingert 4, 55131 Mainz, Deutschland",06131 82962,https://sanmarco-mainz.de/,True,90,feste Pixel-Breite,OK,"restaurant,food,point_of_interest,establishment"
La Oliva Mainz City,"Große Langgasse 6, 55116 Mainz, Deutschland",06131 2106696,https://laoliva.de/,True,90,feste Pixel-Breite,OK,"meal_takeaway,restaurant,food,point_of_interest,establishment"
Ristorante Tropea,"Am Kesseltal 8, 55129 Mainz, Deutschland",06136 9536988,http://www.tropea-mainz.de/,True,90,feste Pixel-Breite,OK,"italian_restaurant,restaurant,food,point_of_interest,establishment"
Osakii Pan Asian Restaurant,"Weberstraße 15, 55130 Mainz, Deutschland",06131 8805599,http://www.osakii-mainz.de/,True,90,feste Pixel-Breite,OK,"fusion_restaurant,restaurant,food,point_of_interest,establishment"
an o ban,"Wallaustraße 4, 55118 Mainz, Deutschland",06131 3296115,http://www.anoban.de/,True,90,feste Pixel-Breite,OK,"restaurant,asian_restaurant,cafe,food,point_of_interest,establishment"
Wilma Wunder Mainz am Markt,"Markt 11, 55116 Mainz, Deutschland",06131 5401555,https://www.wilma-wunder.de/restaurants/mainz-am-markt/,True,92,IE-Kompatibilität,OK,"german_restaurant,european_restaurant,restaurant,food,point_of_interest,establishment"
Heiliggeist,"Rentengasse 2, 55116 Mainz, Deutschland",06131 4932170,https://www.heiliggeist.de/,True,92,IE-Kompatibilität,OK,"restaurant,bar,food,point_of_interest,establishment"
Kamin - Flammkuchen Restaurant,"Kapuzinerstraße 8, 55116 Mainz, Deutschland",06131 6277887,https://www.kamin-mainz.de/,True,92,IE-Kompatibilität,OK,"restaurant,food,point_of_interest,establishment"
Patagonia Mainz,"Kaiser-Wilhelm-Ring 74, 55118 Mainz, Deutschland",06131 2106660,http://www.patagonia-mainz.de/,True,92,IE-Kompatibilität,OK,"steak_house,chilean_restaurant,wine_bar,hamburger_restaurant,meal_takeaway,bar,south_american_restaurant,american_restaurant,restaurant,food,point_of_interest,establishment"
Wilma Wunder Mainz im Cafe am Ballplatz,"Ballpl. 2, 55116 Mainz, Deutschland",06131 2191949,https://www.wilma-wunder.de/restaurants/mainz-am-ballplatz/,True,92,IE-Kompatibilität,OK,"german_restaurant,european_restaurant,restaurant,food,point_of_interest,establishment"
Zenz Wirtshaus,"Bahnhofpl. 4, 55116 Mainz, Deutschland",06131 5543834,https://www.zenz-wirtshaus.de/,True,92,IE-Kompatibilität,OK,"german_restaurant,european_restaurant,restaurant,food,point_of_interest,establishment"
Cubo Negro,"Karmeliterplatz 4, 55116 Mainz, Deutschland",06131 234361,https://www.cubonegro.de/,True,92,IE-Kompatibilität,OK,"restaurant,food,point_of_interest,establishment"
KONA,"Mittlere Bleiche 16, 55116 Mainz, Deutschland",06131 8940875,http://www.kona-mainz.de/,True,92,IE-Kompatibilität,OK,"restaurant,asian_restaurant,cafe,chinese_restaurant,japanese_restaurant,bar,food,point_of_interest,establishment"
Misaki - Sushi Grill Bar,"Rheinstraße 4, 55116 Mainz, Deutschland",06131 2117087,http://www.misaki-mainz.de/,True,92,IE-Kompatibilität,OK,"sushi_restaurant,japanese_restaurant,restaurant,food,point_of_interest,establishment"
Hoi An QT - Fine Sushi & Indochine Kitchen,"Rheinstraße 53, 55116 Mainz, Deutschland",06131 6968599,http://hoianqt-mainz.de/,True,92,IE-Kompatibilität,OK,"sushi_restaurant,vietnamese_restaurant,indonesian_restaurant,japanese_restaurant,restaurant,food,point_of_interest,establishment"
Ciao Amore | Café & Bar,"Klarastraße 19, 55116 Mainz, Deutschland",0172 9656915,http://www.ciaoamoremainz.de/,True,92,IE-Kompatibilität,OK,"cafe,bistro,deli,wine_bar,bar,food_store,restaurant,food,store,point_of_interest,establishment"
Taormina Pizzeria,"Münsterstraße 10, 55116 Mainz, Deutschland",06131 234335,https://taormina-mainz.de/,True,92,<center>-Tags,OK,"italian_restaurant,restaurant,point_of_interest,food,establishment"
Asia Family,"Große Bleiche 3, 55116 Mainz, Deutschland",06131 6199686,https://www.asiafamily.de/,True,92,IE-Kompatibilität,OK,"asian_restaurant,chinese_restaurant,restaurant,food,point_of_interest,establishment"
Lotus Garten - Sushi & Asiakitchen,"Holzstraße 10, 55116 Mainz, Deutschland",0176 84627866,http://lotusgarten-mainz.de/,True,92,IE-Kompatibilität,OK,"sushi_restaurant,vietnamese_restaurant,japanese_restaurant,asian_restaurant,restaurant,food,point_of_interest,establishment"
Viet Xua Restaurant,"Martinsstraße 10, 55116 Mainz, Deutschland",06131 6177253,https://www.vietxua.de/,True,92,IE-Kompatibilität,OK,"vietnamese_restaurant,restaurant,food,point_of_interest,establishment"
Taiyo Finest Sushi & Asian Fusion,"Kaiserstraße 16, 55116 Mainz, Deutschland",06131 6024268,http://www.taiyosushi.de/?utm_source=google&utm_medium=wix_google_business_profile&utm_campaign=8133198874710315938,True,92,IE-Kompatibilität,OK,"restaurant,food,point_of_interest,establishment"
SORI Ramen,"Kaiser-Wilhelm-Ring 56, 55118 Mainz, Deutschland",06131 6067469,https://www.sori-ramen.com/,True,92,IE-Kompatibilität,OK,"restaurant,food,point_of_interest,establishment"
O-BANMI,"Zaybachstraße 36, 55128 Mainz, Deutschland",0176 87844989,https://www.o-banmi.de/,True,92,IE-Kompatibilität,OK,"vietnamese_restaurant,restaurant,food,point_of_interest,establishment"
Zenrolls - Sushi Grab & Go,"Leichhof 11-13, 55116 Mainz, Deutschland",06131 2177089,https://zenrolls.de/,True,92,IE-Kompatibilität,OK,"sushi_restaurant,meal_takeaway,japanese_restaurant,restaurant,food,point_of_interest,establishment"
Noodle Days,"Fuststraße 17, 55116 Mainz, Deutschland",06131 2108972,https://www.noodledays.de/,True,92,IE-Kompatibilität,OK,"restaurant,food,point_of_interest,establishment"
Domo,"Mittlere Bleiche 25, 55116 Mainz, Deutschland",06131 236998,http://mainzdomo.de/,True,92,IE-Kompatibilität,OK,"korean_restaurant,sushi_restaurant,japanese_restaurant,restaurant,food,point_of_interest,establishment"
Brunfels Restaurant,"Münsterstraße 11, 55116 Mainz-Altstadt, Deutschland",06131 3041000,https://www.brunfelsrestaurant.com/,True,100,keine,OK,"restaurant,food,point_of_interest,establishment"
WILLICHS,"Gartenfeldstraße 9, 55118 Mainz, Deutschland",06131 3397133,https://willichs-mainz.de/,True,100,keine,OK,"restaurant,food,point_of_interest,establishment"
Il Mondo GmbH,"Kurmainzstraße 24, 55126 Mainz, Deutschland",06131 604352,http://www.ilmondo-mainz.de/,True,100,keine,OK,"italian_restaurant,restaurant,food,point_of_interest,establishment"
Restaurant La Gallerie - Mainz,"Gaustraße 29, 55116 Mainz, Deutschland",06131 6969414,https://lagallerie-mainz.de/,True,100,keine,OK,"restaurant,wine_bar,fine_dining_restaurant,french_restaurant,italian_restaurant,bar,food,point_of_interest,establishment"
Zeitlos am Proviant Magazin,"Schillerstraße 11A, 55116 Mainz, Deutschland",0176 37088170,https://zeitlosproviant.de/,True,100,keine,OK,"restaurant,brunch_restaurant,vegetarian_restaurant,breakfast_restaurant,cafe,event_venue,service,food,point_of_interest,establishment"
Beim Peter,"Feldbergstraße 2, 55118 Mainz, Deutschland",06131 9507570,https://de-de.facebook.com/MetzgereiBeimPeter,True,100,keine,OK,"restaurant,food,point_of_interest,establishment"
Zum grünen Kakadu - Staatstheater Mainz,"Gutenbergpl. 3-5, 55116 Mainz, Deutschland",06131 2851281,http://zumgruenenkakadu-mainz.de/,True,100,keine,OK,"restaurant,food,point_of_interest,establishment"
eatDOORI - Indisches Restaurant Mainz,"Augustinerstraße 54-56, 55116 Mainz, Deutschland",06131 2181970,https://eatdoori.com/indisches-restaurant-mainz/,True,100,keine,OK,"indian_restaurant,south_indian_restaurant,meal_takeaway,north_indian_restaurant,restaurant,food,point_of_interest,establishment"
Olympia,"Karlsbader Str. 23, 55122 Mainz-Gonsenheim, Deutschland",06131 41587,http://www.olympia-mainz.de/,True,100,keine,OK,"greek_restaurant,bowling_alley,beer_garden,mediterranean_restaurant,coffee_shop,cafe,sports_complex,german_restaurant,european_restaurant,bar,event_venue,food_store,sports_activity_location,store,service,restaurant,food,point_of_interest,establishment"
Zum Heringsbrunnen,"Heringsbrunnengasse 1, 55116 Mainz, Deutschland",06131 9711970,https://www.heringsbrunnen.de/,True,100,keine,OK,"meal_takeaway,sports_bar,wine_bar,beer_garden,bar_and_grill,german_restaurant,european_restaurant,bar,restaurant,food,point_of_interest,establishment"
Maymay Bistro,"Reiterweg 15, 55129 Mainz, Deutschland",015563 399984,https://www.instagram.com/maymay.ebersheim/,True,100,keine,OK,"asian_restaurant,restaurant,food,point_of_interest,establishment"
The Kiwi Corner,"Gartenfeldstraße 10, 55118 Mainz, Deutschland",,https://www.instagram.com/the.kiwi.corner.mainz/,True,100,keine,OK,"cafe,food,point_of_interest,establishment"
Schinderhannes grill mezze,"Holzstraße 15, 55116 Mainz, Deutschland",06131 8891003,https://instagram.com/schinderhannes.de?igshid=YmMyMTA2M2Y=,True,100,keine,OK,"bistro,restaurant,food,point_of_interest,establishment"
Da Vito,"Holzstraße 1, 55116 Mainz, Deutschland",06131 229103,http://www.da-vito-mainz.de/,True,100,keine,OK,"italian_restaurant,meal_takeaway,food_store,store,restaurant,food,point_of_interest,establishment"
Ristorante Italiano Como Lario da Bruno,"Neubrunnenstraße 7, 55116 Mainz, Deutschland",06131 234028,http://www.como-lario.de/,True,100,keine,OK,"italian_restaurant,pizza_restaurant,restaurant,food,point_of_interest,establishment"
L’Angolo da Biagio,"Augustinerstraße 8, 55116 Mainz, Deutschland",06131 231737,http://www.l-angolo.de/,True,100,keine,OK,"italian_restaurant,restaurant,food,point_of_interest,establishment"
"Izakaya popup - kitchen, drinks, fusion","Holzhofstraße 5, 55116 Mainz, Deutschland",01512 1269573,https://www.instagram.com/izakaya_mainz/,True,100,keine,OK,"japanese_restaurant,restaurant,food,point_of_interest,establishment"
Co Thu Vietnamese Authentic Kitchen & Sushi Bar,"Peter-Cornelius-Platz 8, 55118 Mainz, Deutschland",06131 3334814,https://www.cothu-asiakueche.de/,True,100,keine,OK,"asian_restaurant,vietnamese_restaurant,sushi_restaurant,japanese_restaurant,meal_takeaway,restaurant,food,point_of_interest,establishment"
DìThu asiatische Küche,"Schusterstraße 58, 55116 Mainz, Deutschland",06131 8857419,https://www.dithu-asiakueche.de/,True,100,keine,OK,"asian_restaurant,vietnamese_restaurant,sushi_restaurant,meal_takeaway,japanese_restaurant,restaurant,food,point_of_interest,establishment"
Ramen Ippin Mainz,"Mittlere Bleiche 27, 55116 Mainz, Deutschland",06131 8947090,https://www.ramen-ippin.de/,True,100,keine,OK,"ramen_restaurant,japanese_restaurant,restaurant,food,point_of_interest,establishment"
